<?xml version="1.0" encoding="UTF-8"?>
<c3p0-config>
	<default-config> 
		<property name="jdbcUrl">jdbc:sqlserver://localhost:1433; DatabaseName=sims</property>
		<property name="driverClass">com.microsoft.sqlserver.jdbc.SQLServerDriver</property>
		<property name="user">sa</property>
		<property name="password">root</property>
		
		<property name="acquireIncrement">3</property>
		<property name="initialPoolSize">10</property>
		<property name="minPoolSize">2</property>
		<property name="maxPoolSize">10</property>
	</default-config>
</c3p0-config>